Age group,values
Age: 5-14 years,3699.337039
Age: 15-19 years,18994.24733
Age: 20-24 years,28161.55568
Age: 25-29 years,27659.34286
 Age: 30-34 years,29968.04847
Age: 35-39 years,33487.66339
Age: 40-44 years,34449.6549
Age: 45-49 years,37149.02508
Age: 50-54 years,37042.52002
Age: 55-59 years,39393.74709
Age: 60-64 years,40084.09969
Age: 65-69 years,39911.43974
Age: 70+ years,37764.52507
