Age group,values
5-14 years,3699.337039
15-19 years,18994.24733
20-24 years,28161.55568
25-29 years,27659.34286
30-34 years,29968.04847
35-39 years,33487.66339
40-44 years,34449.6549
45-49 years,37149.02508
50-54 years,37042.52002
55-59 years,39393.74709
60-64 years,40084.09969
65-69 years,39911.43974
70+ years,37764.52507
